minGap,structure,direction,exit,stop,cutoff,sector,selN,selWin,selExp,selPF,valN,valWin,valExp,valPF,allN,allWin,allExp,allPF
3,20d,long,atr,0930,0940,false,442,34.8,-0.46,0.68,234,44.9,-0.04,0.97,676,38.3,-0.31,0.77
3,20d,long,atr,0930,0940,true,321,34.6,-0.36,0.73,177,45.2,0.00,1.00,498,38.4,-0.23,0.82
3,20d,long,atr,0930,1130,false,647,37.7,-0.34,0.76,346,46.0,-0.03,0.98,993,40.6,-0.23,0.82
3,20d,long,atr,0930,1130,true,426,36.6,-0.28,0.78,256,46.5,0.04,1.03,682,40.3,-0.16,0.87
3,20d,long,atr,pm,0940,false,442,40.7,-0.43,0.71,234,49.6,0.10,1.08,676,43.8,-0.25,0.82
3,20d,long,atr,pm,0940,true,321,39.9,-0.38,0.72,177,49.2,0.11,1.09,498,43.2,-0.21,0.85
3,20d,long,atr,pm,1130,false,647,42.0,-0.32,0.77,346,49.4,0.10,1.09,993,44.6,-0.18,0.86
3,20d,long,atr,pm,1130,true,426,40.6,-0.29,0.78,256,49.2,0.12,1.11,682,43.8,-0.14,0.89
3,20d,long,pct1,0930,0940,false,442,55.7,-0.47,0.51,234,67.9,-0.20,0.75,676,59.9,-0.38,0.58
3,20d,long,pct1,0930,0940,true,321,54.8,-0.44,0.52,177,68.9,-0.14,0.81,498,59.8,-0.33,0.61
3,20d,long,pct1,0930,1130,false,647,58.9,-0.35,0.59,346,66.8,-0.15,0.79,993,61.6,-0.28,0.66
3,20d,long,pct1,0930,1130,true,426,57.5,-0.35,0.59,256,68.8,-0.10,0.86,682,61.7,-0.25,0.68
3,20d,long,pct1,pm,0940,false,442,61.5,-0.42,0.56,234,74.4,-0.07,0.91,676,66.0,-0.30,0.66
3,20d,long,pct1,pm,0940,true,321,60.1,-0.42,0.56,177,74.6,-0.06,0.92,498,65.3,-0.29,0.66
3,20d,long,pct1,pm,1130,false,647,63.1,-0.32,0.63,346,71.7,-0.03,0.95,993,66.1,-0.22,0.72
3,20d,long,pct1,pm,1130,true,426,61.3,-0.34,0.61,256,72.7,-0.02,0.97,682,65.5,-0.22,0.72
3,20d,long,pct2,0930,0940,false,442,43.0,-0.50,0.58,234,53.8,-0.19,0.83,676,46.7,-0.39,0.66
3,20d,long,pct2,0930,0940,true,321,42.4,-0.45,0.60,177,55.4,-0.12,0.89,498,47.0,-0.33,0.70
3,20d,long,pct2,0930,1130,false,647,46.2,-0.38,0.66,346,53.8,-0.13,0.88,993,48.8,-0.29,0.73
3,20d,long,pct2,0930,1130,true,426,44.4,-0.38,0.65,256,55.5,-0.06,0.94,682,48.5,-0.26,0.75
3,20d,long,pct2,pm,0940,false,442,49.3,-0.43,0.64,234,58.5,-0.05,0.95,676,52.5,-0.30,0.74
3,20d,long,pct2,pm,0940,true,321,48.3,-0.43,0.63,177,59.3,-0.01,0.99,498,52.2,-0.28,0.75
3,20d,long,pct2,pm,1130,false,647,50.9,-0.33,0.71,346,57.2,-0.01,0.99,993,53.1,-0.22,0.79
3,20d,long,pct2,pm,1130,true,426,48.8,-0.37,0.67,256,58.2,0.02,1.02,682,52.3,-0.22,0.79
3,20d,long,t1030,0930,0940,false,442,35.1,-0.45,0.64,234,46.2,-0.06,0.94,676,38.9,-0.32,0.73
3,20d,long,t1030,0930,0940,true,321,34.6,-0.38,0.68,177,46.9,0.01,1.01,498,39.0,-0.24,0.78
3,20d,long,t1030,0930,1130,false,647,37.1,-0.35,0.67,346,44.2,-0.04,0.95,993,39.6,-0.24,0.75
3,20d,long,t1030,0930,1130,true,426,34.7,-0.32,0.69,256,46.5,0.05,1.06,682,39.1,-0.18,0.81
3,20d,long,t1030,pm,0940,false,442,36.9,-0.47,0.64,234,46.6,-0.09,0.91,676,40.2,-0.33,0.72
3,20d,long,t1030,pm,0940,true,321,36.4,-0.42,0.66,177,46.9,-0.05,0.95,498,40.2,-0.29,0.75
3,20d,long,t1030,pm,1130,false,647,38.3,-0.36,0.67,346,44.5,-0.06,0.93,993,40.5,-0.25,0.75
3,20d,long,t1030,pm,1130,true,426,36.2,-0.34,0.68,256,46.5,0.01,1.02,682,40.0,-0.21,0.79
3,20d,long,t1200,0930,0940,false,442,35.3,-0.42,0.68,234,44.0,-0.09,0.93,676,38.3,-0.31,0.76
3,20d,long,t1200,0930,0940,true,321,35.8,-0.30,0.75,177,43.5,-0.06,0.95,498,38.6,-0.21,0.82
3,20d,long,t1200,0930,1130,false,647,38.5,-0.30,0.75,346,43.4,-0.08,0.92,993,40.2,-0.22,0.81
3,20d,long,t1200,0930,1130,true,426,38.7,-0.20,0.82,256,42.2,-0.09,0.92,682,40.0,-0.16,0.86
3,20d,long,t1200,pm,0940,false,442,38.2,-0.45,0.67,234,46.6,-0.07,0.94,676,41.1,-0.32,0.76
3,20d,long,t1200,pm,0940,true,321,38.9,-0.33,0.74,177,45.2,-0.12,0.91,498,41.2,-0.25,0.80
3,20d,long,t1200,pm,1130,false,647,40.2,-0.30,0.76,346,44.8,-0.06,0.95,993,41.8,-0.21,0.82
3,20d,long,t1200,pm,1130,true,426,40.8,-0.20,0.83,256,43.4,-0.12,0.90,682,41.8,-0.17,0.85
3,20d,both,atr,0930,0940,false,614,36.0,-0.43,0.70,478,37.2,-0.46,0.71,1092,36.5,-0.44,0.70
3,20d,both,atr,0930,0940,true,394,36.0,-0.37,0.72,356,37.6,-0.50,0.69,750,36.8,-0.43,0.71
3,20d,both,atr,0930,1130,false,894,38.4,-0.37,0.73,680,40.7,-0.30,0.78,1574,39.4,-0.34,0.75
3,20d,both,atr,0930,1130,true,533,37.3,-0.33,0.74,489,40.9,-0.35,0.76,1022,39.0,-0.34,0.75
3,20d,both,atr,pm,0940,false,614,41.2,-0.45,0.70,478,41.8,-0.61,0.66,1092,41.5,-0.52,0.68
3,20d,both,atr,pm,0940,true,394,41.4,-0.39,0.72,356,41.3,-0.74,0.62,750,41.3,-0.56,0.66
3,20d,both,atr,pm,1130,false,894,42.3,-0.37,0.74,680,44.3,-0.39,0.74,1574,43.1,-0.38,0.74
3,20d,both,atr,pm,1130,true,533,41.3,-0.34,0.75,489,43.4,-0.53,0.68,1022,42.3,-0.43,0.71
3,20d,both,pct1,0930,0940,false,614,58.1,-0.40,0.56,478,67.2,-0.31,0.66,1092,62.1,-0.36,0.60
3,20d,both,pct1,0930,0940,true,394,58.9,-0.35,0.60,356,69.4,-0.30,0.68,750,63.9,-0.32,0.64
3,20d,both,pct1,0930,1130,false,894,60.6,-0.31,0.63,680,66.6,-0.24,0.71,1574,63.2,-0.28,0.67
3,20d,both,pct1,0930,1130,true,533,60.6,-0.29,0.65,489,69.3,-0.22,0.74,1022,64.8,-0.26,0.69
3,20d,both,pct1,pm,0940,false,614,63.5,-0.38,0.60,478,72.2,-0.35,0.65,1092,67.3,-0.36,0.62
3,20d,both,pct1,pm,0940,true,394,64.2,-0.33,0.63,356,73.3,-0.39,0.62,750,68.5,-0.36,0.63
3,20d,both,pct1,pm,1130,false,894,64.4,-0.29,0.66,680,70.6,-0.23,0.73,1574,67.1,-0.26,0.69
3,20d,both,pct1,pm,1130,true,533,64.4,-0.28,0.67,489,72.0,-0.28,0.70,1022,68.0,-0.28,0.68
3,20d,both,pct2,0930,0940,false,614,44.6,-0.43,0.63,478,51.3,-0.37,0.71,1092,47.5,-0.40,0.67
3,20d,both,pct2,0930,0940,true,394,44.9,-0.39,0.65,356,53.7,-0.34,0.74,750,49.1,-0.36,0.70
3,20d,both,pct2,0930,1130,false,894,47.0,-0.36,0.68,680,52.2,-0.25,0.78,1574,49.2,-0.31,0.73
3,20d,both,pct2,0930,1130,true,533,45.8,-0.37,0.66,489,54.2,-0.24,0.79,1022,49.8,-0.31,0.73
3,20d,both,pct2,pm,0940,false,614,50.3,-0.41,0.66,478,55.4,-0.46,0.68,1092,52.6,-0.43,0.67
3,20d,both,pct2,pm,0940,true,394,50.8,-0.37,0.68,356,56.7,-0.51,0.66,750,53.6,-0.44,0.67
3,20d,both,pct2,pm,1130,false,894,51.2,-0.33,0.71,680,55.4,-0.29,0.76,1574,53.0,-0.31,0.74
3,20d,both,pct2,pm,1130,true,533,50.1,-0.35,0.69,489,56.2,-0.36,0.73,1022,53.0,-0.36,0.71
3,20d,both,t1030,0930,0940,false,614,38.8,-0.33,0.71,478,44.4,-0.15,0.88,1092,41.2,-0.25,0.79
3,20d,both,t1030,0930,0940,true,394,39.1,-0.27,0.75,356,46.6,-0.11,0.92,750,42.7,-0.19,0.84
3,20d,both,t1030,0930,1130,false,894,39.0,-0.28,0.71,680,43.7,-0.12,0.89,1574,41.0,-0.21,0.79
3,20d,both,t1030,0930,1130,true,533,37.7,-0.25,0.74,489,46.0,-0.07,0.93,1022,41.7,-0.17,0.84
3,20d,both,t1030,pm,0940,false,614,40.4,-0.36,0.69,478,45.4,-0.18,0.86,1092,42.6,-0.29,0.77
3,20d,both,t1030,pm,0940,true,394,40.9,-0.29,0.74,356,47.5,-0.17,0.88,750,44.0,-0.23,0.81
3,20d,both,t1030,pm,1130,false,894,40.2,-0.30,0.70,680,44.4,-0.14,0.87,1574,42.0,-0.24,0.77
3,20d,both,t1030,pm,1130,true,533,39.0,-0.26,0.74,489,46.6,-0.12,0.90,1022,42.7,-0.19,0.82
3,20d,both,t1200,0930,0940,false,614,37.9,-0.33,0.74,478,38.1,-0.52,0.65,1092,38.0,-0.41,0.70
3,20d,both,t1200,0930,0940,true,394,38.3,-0.25,0.78,356,37.4,-0.62,0.61,750,37.9,-0.43,0.69
3,20d,both,t1200,0930,1130,false,894,39.3,-0.28,0.76,680,39.3,-0.38,0.70,1574,39.3,-0.32,0.73
3,20d,both,t1200,0930,1130,true,533,39.0,-0.23,0.79,489,38.0,-0.51,0.64,1022,38.6,-0.36,0.71
3,20d,both,t1200,pm,0940,false,614,40.7,-0.37,0.72,478,40.4,-0.75,0.57,1092,40.6,-0.53,0.65
3,20d,both,t1200,pm,0940,true,394,41.6,-0.28,0.77,356,38.8,-0.96,0.50,750,40.3,-0.60,0.61
3,20d,both,t1200,pm,1130,false,894,41.1,-0.28,0.76,680,40.7,-0.54,0.63,1574,40.9,-0.39,0.70
3,20d,both,t1200,pm,1130,true,533,41.3,-0.22,0.81,489,38.9,-0.76,0.55,1022,40.1,-0.48,0.66
3,252d,long,atr,0930,0940,false,161,43.5,-0.30,0.81,53,39.6,-0.39,0.77,214,42.5,-0.32,0.80
3,252d,long,atr,0930,0940,true,104,42.3,-0.21,0.86,35,42.9,-0.15,0.89,139,42.4,-0.19,0.87
3,252d,long,atr,0930,1130,false,233,41.6,-0.36,0.76,73,45.2,-0.12,0.92,306,42.5,-0.30,0.80
3,252d,long,atr,0930,1130,true,134,41.8,-0.24,0.84,49,49.0,0.07,1.06,183,43.7,-0.16,0.89
3,252d,long,atr,pm,0940,false,161,50.3,-0.14,0.91,53,41.5,-0.44,0.75,214,48.1,-0.21,0.86
3,252d,long,atr,pm,0940,true,104,47.1,-0.18,0.88,35,42.9,-0.42,0.74,139,46.0,-0.24,0.84
3,252d,long,atr,pm,1130,false,233,46.4,-0.24,0.84,73,45.2,-0.18,0.88,306,46.1,-0.23,0.85
3,252d,long,atr,pm,1130,true,134,45.5,-0.25,0.84,49,49.0,-0.12,0.91,183,46.4,-0.21,0.86
3,252d,long,pct1,0930,0940,false,161,62.1,-0.43,0.56,53,64.2,-0.48,0.54,214,62.6,-0.44,0.56
3,252d,long,pct1,0930,0940,true,104,59.6,-0.45,0.54,35,71.4,-0.03,0.96,139,62.6,-0.34,0.62
3,252d,long,pct1,0930,1130,false,233,63.5,-0.32,0.64,73,64.4,-0.36,0.61,306,63.7,-0.33,0.63
3,252d,long,pct1,0930,1130,true,134,61.2,-0.39,0.58,49,69.4,-0.08,0.88,183,63.4,-0.31,0.65
3,252d,long,pct1,pm,0940,false,161,70.2,-0.29,0.68,53,71.7,-0.26,0.71,214,70.6,-0.29,0.68
3,252d,long,pct1,pm,0940,true,104,67.3,-0.35,0.63,35,77.1,-0.03,0.95,139,69.8,-0.27,0.70
3,252d,long,pct1,pm,1130,false,233,69.1,-0.21,0.74,73,69.9,-0.20,0.75,306,69.3,-0.21,0.75
3,252d,long,pct1,pm,1130,true,134,67.2,-0.32,0.65,49,73.5,-0.08,0.89,183,68.9,-0.26,0.70
3,252d,long,pct2,0930,0940,false,161,52.8,-0.32,0.73,53,45.3,-0.80,0.48,214,50.9,-0.44,0.66
3,252d,long,pct2,0930,0940,true,104,50.0,-0.31,0.73,35,51.4,-0.39,0.68,139,50.4,-0.33,0.72
3,252d,long,pct2,0930,1130,false,233,51.9,-0.31,0.74,73,50.7,-0.43,0.66,306,51.6,-0.34,0.72
3,252d,long,pct2,0930,1130,true,134,49.3,-0.34,0.72,49,55.1,-0.18,0.84,183,50.8,-0.30,0.75
3,252d,long,pct2,pm,0940,false,161,60.2,-0.14,0.88,53,49.1,-0.74,0.52,214,57.5,-0.29,0.77
3,252d,long,pct2,pm,0940,true,104,55.8,-0.24,0.79,35,54.3,-0.46,0.66,139,55.4,-0.30,0.76
3,252d,long,pct2,pm,1130,false,233,57.1,-0.19,0.83,73,52.1,-0.42,0.68,306,55.9,-0.24,0.79
3,252d,long,pct2,pm,1130,true,134,53.7,-0.32,0.74,49,57.1,-0.23,0.81,183,54.6,-0.29,0.76
3,252d,long,t1030,0930,0940,false,161,36.0,-0.62,0.60,53,47.2,-0.01,0.99,214,38.8,-0.47,0.68
3,252d,long,t1030,0930,0940,true,104,33.7,-0.62,0.59,35,51.4,0.48,1.54,139,38.1,-0.34,0.75
3,252d,long,t1030,0930,1130,false,233,37.8,-0.55,0.58,73,45.2,0.17,1.18,306,39.5,-0.38,0.69
3,252d,long,t1030,0930,1130,true,134,34.3,-0.56,0.57,49,46.9,0.56,1.74,183,37.7,-0.26,0.78
3,252d,long,t1030,pm,0940,false,161,37.9,-0.66,0.59,53,47.2,-0.09,0.92,214,40.2,-0.52,0.65
3,252d,long,t1030,pm,0940,true,104,35.6,-0.65,0.58,35,51.4,0.27,1.24,139,39.6,-0.42,0.71
3,252d,long,t1030,pm,1130,false,233,39.1,-0.59,0.56,73,45.2,0.11,1.11,306,40.5,-0.42,0.67
3,252d,long,t1030,pm,1130,true,134,35.8,-0.59,0.56,49,46.9,0.41,1.45,183,38.8,-0.32,0.74
3,252d,long,t1200,0930,0940,false,161,39.1,-0.43,0.73,53,39.6,-0.42,0.73,214,39.3,-0.43,0.73
3,252d,long,t1200,0930,0940,true,104,41.3,-0.33,0.78,35,42.9,0.11,1.09,139,41.7,-0.22,0.84
3,252d,long,t1200,0930,1130,false,233,40.3,-0.41,0.72,73,42.5,-0.27,0.80,306,40.8,-0.38,0.73
3,252d,long,t1200,0930,1130,true,134,43.3,-0.30,0.79,49,42.9,-0.01,0.99,183,43.2,-0.23,0.83
3,252d,long,t1200,pm,0940,false,161,42.2,-0.45,0.72,53,41.5,-0.50,0.70,214,42.1,-0.46,0.72
3,252d,long,t1200,pm,0940,true,104,45.2,-0.36,0.77,35,42.9,-0.26,0.83,139,44.6,-0.34,0.78
3,252d,long,t1200,pm,1130,false,233,42.1,-0.41,0.72,73,42.5,-0.35,0.75,306,42.2,-0.40,0.73
3,252d,long,t1200,pm,1130,true,134,46.3,-0.30,0.79,49,42.9,-0.27,0.81,183,45.4,-0.30,0.80
3,252d,both,atr,0930,0940,false,196,45.4,-0.37,0.77,65,41.5,-0.25,0.85,261,44.4,-0.34,0.79
3,252d,both,atr,0930,0940,true,116,43.1,-0.26,0.82,38,44.7,0.09,1.07,154,43.5,-0.17,0.88
3,252d,both,atr,0930,1130,false,277,43.7,-0.39,0.74,96,47.9,0.11,1.08,373,44.8,-0.26,0.82
3,252d,both,atr,0930,1130,true,148,42.6,-0.27,0.82,56,51.8,0.35,1.31,204,45.1,-0.10,0.93
3,252d,both,atr,pm,0940,false,196,51.5,-0.21,0.86,65,43.1,-0.31,0.82,261,49.4,-0.24,0.85
3,252d,both,atr,pm,0940,true,116,47.4,-0.22,0.85,38,44.7,-0.16,0.90,154,46.8,-0.20,0.86
3,252d,both,atr,pm,1130,false,277,48.4,-0.26,0.82,96,47.9,0.05,1.04,373,48.3,-0.18,0.88
3,252d,both,atr,pm,1130,true,148,45.9,-0.26,0.83,56,51.8,0.18,1.14,204,47.5,-0.14,0.90
3,252d,both,pct1,0930,0940,false,196,64.3,-0.38,0.60,65,64.6,-0.50,0.53,261,64.4,-0.41,0.58
3,252d,both,pct1,0930,0940,true,116,62.1,-0.39,0.59,38,73.7,0.04,1.07,154,64.9,-0.28,0.67
3,252d,both,pct1,0930,1130,false,277,65.7,-0.27,0.68,96,65.6,-0.32,0.65,373,65.7,-0.28,0.67
3,252d,both,pct1,0930,1130,true,148,63.5,-0.33,0.63,56,71.4,-0.01,0.98,204,65.7,-0.25,0.70
3,252d,both,pct1,pm,0940,false,196,71.4,-0.25,0.72,65,70.8,-0.32,0.66,261,71.3,-0.27,0.70
3,252d,both,pct1,pm,0940,true,116,69.0,-0.30,0.67,38,78.9,0.04,1.06,154,71.4,-0.22,0.75
3,252d,both,pct1,pm,1130,false,277,70.8,-0.17,0.78,96,69.8,-0.20,0.76,373,70.5,-0.18,0.78
3,252d,both,pct1,pm,1130,true,148,68.9,-0.27,0.70,56,75.0,-0.01,0.98,204,70.6,-0.20,0.76
3,252d,both,pct2,0930,0940,false,196,56.6,-0.18,0.84,65,47.7,-0.73,0.52,261,54.4,-0.32,0.74
3,252d,both,pct2,0930,0940,true,116,53.4,-0.19,0.83,38,52.6,-0.33,0.72,154,53.2,-0.23,0.80
3,252d,both,pct2,0930,1130,false,277,55.2,-0.20,0.82,96,53.1,-0.32,0.74,373,54.7,-0.23,0.80
3,252d,both,pct2,0930,1130,true,148,52.7,-0.22,0.81,56,57.1,-0.08,0.92,204,53.9,-0.18,0.84
3,252d,both,pct2,pm,0940,false,196,63.3,-0.01,0.99,65,50.8,-0.68,0.55,261,60.2,-0.18,0.85
3,252d,both,pct2,pm,0940,true,116,58.6,-0.13,0.89,38,55.3,-0.39,0.70,154,57.8,-0.19,0.83
3,252d,both,pct2,pm,1130,false,277,60.3,-0.07,0.94,96,54.2,-0.31,0.75,373,58.7,-0.13,0.89
3,252d,both,pct2,pm,1130,true,148,56.8,-0.19,0.83,56,58.9,-0.12,0.89,204,57.4,-0.17,0.85
3,252d,both,t1030,0930,0940,false,196,39.3,-0.59,0.60,65,50.8,0.27,1.25,261,42.1,-0.38,0.73
3,252d,both,t1030,0930,0940,true,116,37.1,-0.56,0.61,38,55.3,0.74,1.91,154,41.6,-0.24,0.81
3,252d,both,t1030,0930,1130,false,277,40.4,-0.52,0.59,96,47.9,0.31,1.37,373,42.4,-0.31,0.74
3,252d,both,t1030,0930,1130,true,148,37.2,-0.51,0.59,56,48.2,0.69,1.98,204,40.2,-0.18,0.84
3,252d,both,t1030,pm,0940,false,196,40.8,-0.65,0.58,65,50.8,0.20,1.17,261,43.3,-0.44,0.70
3,252d,both,t1030,pm,0940,true,116,38.8,-0.58,0.60,38,55.3,0.55,1.54,154,42.9,-0.30,0.77
3,252d,both,t1030,pm,1130,false,277,41.5,-0.56,0.57,96,47.9,0.27,1.30,373,43.2,-0.35,0.71
3,252d,both,t1030,pm,1130,true,148,38.5,-0.53,0.58,56,48.2,0.56,1.67,204,41.2,-0.23,0.80
3,252d,both,t1200,0930,0940,false,196,41.3,-0.46,0.70,65,40.0,-0.30,0.80,261,41.0,-0.42,0.72
3,252d,both,t1200,0930,0940,true,116,43.1,-0.35,0.76,38,42.1,0.12,1.11,154,42.9,-0.23,0.83
3,252d,both,t1200,0930,1130,false,277,41.9,-0.45,0.68,96,42.7,-0.05,0.96,373,42.1,-0.35,0.75
3,252d,both,t1200,0930,1130,true,148,45.3,-0.31,0.77,56,42.9,0.15,1.14,204,44.6,-0.19,0.86
3,252d,both,t1200,pm,0940,false,196,44.4,-0.46,0.70,65,41.5,-0.38,0.77,261,43.7,-0.44,0.72
3,252d,both,t1200,pm,0940,true,116,46.6,-0.37,0.75,38,42.1,-0.21,0.86,154,45.5,-0.33,0.78
3,252d,both,t1200,pm,1130,false,277,44.0,-0.43,0.70,96,42.7,-0.11,0.91,373,43.7,-0.35,0.75
3,252d,both,t1200,pm,1130,true,148,48.0,-0.31,0.78,56,42.9,-0.08,0.94,204,46.6,-0.25,0.82
5,20d,long,atr,0930,0940,false,218,38.1,-0.34,0.79,132,46.2,0.10,1.07,350,41.1,-0.18,0.88
5,20d,long,atr,0930,0940,true,148,37.8,-0.26,0.83,107,46.7,0.16,1.11,255,41.6,-0.09,0.94
5,20d,long,atr,0930,1130,false,337,40.9,-0.28,0.82,193,48.7,0.12,1.10,530,43.8,-0.13,0.91
5,20d,long,atr,0930,1130,true,208,39.9,-0.22,0.85,152,48.7,0.17,1.14,360,43.6,-0.06,0.96
5,20d,long,atr,pm,0940,false,218,44.0,-0.35,0.79,132,48.5,0.26,1.21,350,45.7,-0.12,0.92
5,20d,long,atr,pm,0940,true,148,43.2,-0.40,0.76,107,48.6,0.26,1.20,255,45.5,-0.13,0.92
5,20d,long,atr,pm,1130,false,337,45.4,-0.26,0.84,193,50.3,0.26,1.23,530,47.2,-0.07,0.95
5,20d,long,atr,pm,1130,true,208,44.2,-0.30,0.81,152,50.0,0.25,1.22,360,46.7,-0.07,0.95
5,20d,long,pct1,0930,0940,false,218,60.1,-0.40,0.57,132,71.2,-0.20,0.76,350,64.3,-0.33,0.64
5,20d,long,pct1,0930,0940,true,148,60.8,-0.33,0.62,107,72.9,-0.08,0.89,255,65.9,-0.23,0.72
5,20d,long,pct1,0930,1130,false,337,64.1,-0.30,0.66,193,71.5,-0.12,0.84,530,66.8,-0.23,0.72
5,20d,long,pct1,0930,1130,true,208,63.5,-0.26,0.69,152,73.7,-0.03,0.96,360,67.8,-0.16,0.79
5,20d,long,pct1,pm,0940,false,218,65.6,-0.39,0.59,132,76.5,-0.01,0.98,350,69.7,-0.25,0.71
5,20d,long,pct1,pm,0940,true,148,65.5,-0.43,0.58,107,78.5,0.06,1.09,255,71.0,-0.22,0.74
5,20d,long,pct1,pm,1130,false,337,68.2,-0.26,0.69,193,75.6,0.05,1.07,530,70.9,-0.15,0.80
5,20d,long,pct1,pm,1130,true,208,66.8,-0.32,0.65,152,77.6,0.09,1.14,360,71.4,-0.15,0.81
5,20d,long,pct2,0930,0940,false,218,49.1,-0.34,0.72,132,56.8,-0.15,0.88,350,52.0,-0.27,0.78
5,20d,long,pct2,0930,0940,true,148,50.0,-0.27,0.76,107,57.9,-0.04,0.96,255,53.3,-0.18,0.84
5,20d,long,pct2,0930,1130,false,337,52.2,-0.28,0.76,193,58.5,-0.04,0.96,530,54.5,-0.19,0.83
5,20d,long,pct2,0930,1130,true,208,51.4,-0.24,0.78,152,59.2,0.02,1.02,360,54.7,-0.13,0.88
5,20d,long,pct2,pm,0940,false,218,55.5,-0.29,0.77,132,60.6,0.08,1.07,350,57.4,-0.15,0.87
5,20d,long,pct2,pm,0940,true,148,55.4,-0.38,0.71,107,61.7,0.14,1.14,255,58.0,-0.16,0.86
5,20d,long,pct2,pm,1130,false,337,57.0,-0.22,0.81,193,61.1,0.13,1.14,530,58.5,-0.09,0.91
5,20d,long,pct2,pm,1130,true,208,55.8,-0.31,0.75,152,61.8,0.15,1.17,360,58.3,-0.11,0.90
5,20d,long,t1030,0930,0940,false,218,39.4,-0.33,0.77,132,51.5,0.04,1.04,350,44.0,-0.19,0.85
5,20d,long,t1030,0930,0940,true,148,41.2,-0.15,0.88,107,52.3,0.15,1.14,255,45.9,-0.03,0.98
5,20d,long,t1030,0930,1130,false,337,41.5,-0.28,0.76,193,47.7,0.05,1.05,530,43.8,-0.16,0.85
5,20d,long,t1030,0930,1130,true,208,39.9,-0.18,0.84,152,49.3,0.19,1.21,360,43.9,-0.02,0.98
5,20d,long,t1030,pm,0940,false,218,40.8,-0.36,0.75,132,51.5,0.02,1.02,350,44.9,-0.21,0.84
5,20d,long,t1030,pm,0940,true,148,42.6,-0.23,0.83,107,52.3,0.07,1.06,255,46.7,-0.11,0.92
5,20d,long,t1030,pm,1130,false,337,42.4,-0.29,0.76,193,47.7,0.04,1.05,530,44.3,-0.17,0.85
5,20d,long,t1030,pm,1130,true,208,40.9,-0.23,0.80,152,49.3,0.15,1.15,360,44.4,-0.07,0.93
5,20d,long,t1200,0930,0940,false,218,37.2,-0.37,0.75,132,46.2,0.06,1.04,350,40.6,-0.21,0.85
5,20d,long,t1200,0930,0940,true,148,38.5,-0.19,0.86,107,46.7,0.14,1.12,255,42.0,-0.05,0.96
5,20d,long,t1200,0930,1130,false,337,40.7,-0.27,0.80,193,45.6,0.02,1.02,530,42.5,-0.17,0.87
5,20d,long,t1200,0930,1130,true,208,42.3,-0.17,0.87,152,46.1,0.08,1.07,360,43.9,-0.06,0.95
5,20d,long,t1200,pm,0940,false,218,40.4,-0.45,0.72,132,48.5,0.06,1.04,350,43.4,-0.26,0.83
5,20d,long,t1200,pm,0940,true,148,41.9,-0.32,0.79,107,48.6,0.04,1.03,255,44.7,-0.17,0.88
5,20d,long,t1200,pm,1130,false,337,42.4,-0.29,0.79,193,46.6,0.04,1.03,530,44.0,-0.17,0.87
5,20d,long,t1200,pm,1130,true,208,44.7,-0.21,0.84,152,47.4,0.02,1.02,360,45.8,-0.11,0.91
5,20d,both,atr,0930,0940,false,313,40.6,-0.32,0.80,249,41.8,-0.14,0.91,562,41.1,-0.24,0.85
5,20d,both,atr,0930,0940,true,187,38.5,-0.34,0.77,183,42.6,-0.16,0.90,370,40.5,-0.25,0.84
5,20d,both,atr,0930,1130,false,473,41.9,-0.33,0.79,357,45.9,-0.04,0.97,830,43.6,-0.20,0.86
5,20d,both,atr,0930,1130,true,259,39.4,-0.34,0.77,250,46.4,-0.10,0.93,509,42.8,-0.22,0.85
5,20d,both,atr,pm,0940,false,313,45.0,-0.35,0.79,249,44.2,-0.22,0.87,562,44.7,-0.30,0.82
5,20d,both,atr,pm,0940,true,187,42.8,-0.48,0.71,183,44.8,-0.27,0.84,370,43.8,-0.38,0.78
5,20d,both,atr,pm,1130,false,473,45.7,-0.31,0.81,357,47.6,-0.08,0.94,830,46.5,-0.21,0.86
5,20d,both,atr,pm,1130,true,259,43.2,-0.39,0.76,250,48.0,-0.19,0.88,509,45.6,-0.29,0.82
5,20d,both,pct1,0930,0940,false,313,63.9,-0.32,0.64,249,71.9,-0.24,0.72,562,67.4,-0.29,0.68
5,20d,both,pct1,0930,0940,true,187,64.7,-0.27,0.68,183,74.9,-0.15,0.82,370,69.7,-0.21,0.75
5,20d,both,pct1,0930,1130,false,473,66.6,-0.24,0.71,357,72.0,-0.16,0.80,830,68.9,-0.21,0.75
5,20d,both,pct1,0930,1130,true,259,66.4,-0.22,0.73,250,75.6,-0.08,0.89,509,70.9,-0.15,0.81
5,20d,both,pct1,pm,0940,false,313,68.1,-0.32,0.66,249,75.9,-0.23,0.75,562,71.5,-0.28,0.70
5,20d,both,pct1,pm,0940,true,187,68.4,-0.36,0.63,183,79.2,-0.16,0.81,370,73.8,-0.26,0.71
5,20d,both,pct1,pm,1130,false,473,70.0,-0.20,0.75,357,75.1,-0.13,0.84,830,72.2,-0.17,0.79
5,20d,both,pct1,pm,1130,true,259,69.5,-0.26,0.70,250,78.8,-0.09,0.88,509,74.1,-0.18,0.79
5,20d,both,pct2,0930,0940,false,313,52.1,-0.25,0.78,249,59.0,-0.10,0.91,562,55.2,-0.19,0.84
5,20d,both,pct2,0930,0940,true,187,51.9,-0.24,0.79,183,61.7,-0.02,0.98,370,56.8,-0.13,0.89
5,20d,both,pct2,0930,1130,false,473,53.5,-0.25,0.79,357,59.9,-0.04,0.96,830,56.3,-0.16,0.86
5,20d,both,pct2,0930,1130,true,259,52.1,-0.26,0.77,250,62.4,-0.00,1.00,509,57.2,-0.14,0.88
5,20d,both,pct2,pm,0940,false,313,56.9,-0.25,0.80,249,61.8,-0.10,0.92,562,59.1,-0.18,0.85
5,20d,both,pct2,pm,0940,true,187,56.1,-0.36,0.72,183,64.5,-0.05,0.96,370,60.3,-0.20,0.84
5,20d,both,pct2,pm,1130,false,473,57.5,-0.20,0.83,357,61.9,-0.02,0.98,830,59.4,-0.12,0.89
5,20d,both,pct2,pm,1130,true,259,56.0,-0.30,0.75,250,64.4,-0.03,0.98,509,60.1,-0.17,0.86
5,20d,both,t1030,0930,0940,false,313,41.9,-0.22,0.82,249,52.6,0.26,1.22,562,46.6,-0.01,1.00
5,20d,both,t1030,0930,0940,true,187,43.9,-0.09,0.92,183,56.8,0.44,1.39,370,50.3,0.18,1.15
5,20d,both,t1030,0930,1130,false,473,42.9,-0.22,0.80,357,50.4,0.19,1.19,830,46.1,-0.04,0.96
5,20d,both,t1030,0930,1130,true,259,42.1,-0.14,0.86,250,54.0,0.35,1.34,509,47.9,0.10,1.10
5,20d,both,t1030,pm,0940,false,313,42.8,-0.28,0.79,249,53.4,0.27,1.23,562,47.5,-0.04,0.97
5,20d,both,t1030,pm,0940,true,187,44.9,-0.16,0.87,183,57.9,0.42,1.36,370,51.4,0.13,1.11
5,20d,both,t1030,pm,1130,false,473,43.6,-0.25,0.77,357,51.0,0.19,1.19,830,46.7,-0.06,0.94
5,20d,both,t1030,pm,1130,true,259,42.9,-0.19,0.83,250,54.8,0.34,1.33,509,48.7,0.07,1.07
5,20d,both,t1200,0930,0940,false,313,39.9,-0.27,0.81,249,43.4,-0.21,0.85,562,41.5,-0.25,0.83
5,20d,both,t1200,0930,0940,true,187,41.2,-0.20,0.85,183,43.2,-0.28,0.81,370,42.2,-0.24,0.83
5,20d,both,t1200,0930,1130,false,473,41.4,-0.26,0.80,357,44.3,-0.14,0.90,830,42.7,-0.21,0.84
5,20d,both,t1200,0930,1130,true,259,42.9,-0.23,0.82,250,43.6,-0.23,0.84,509,43.2,-0.23,0.83
5,20d,both,t1200,pm,0940,false,313,42.5,-0.38,0.75,249,45.0,-0.39,0.77,562,43.6,-0.39,0.76
5,20d,both,t1200,pm,0940,true,187,43.9,-0.35,0.76,183,44.8,-0.55,0.69,370,44.3,-0.45,0.72
5,20d,both,t1200,pm,1130,false,473,43.3,-0.29,0.78,357,45.1,-0.25,0.82,830,44.1,-0.28,0.80
5,20d,both,t1200,pm,1130,true,259,45.2,-0.26,0.80,250,44.8,-0.42,0.73,509,45.0,-0.34,0.77
5,252d,long,atr,0930,0940,false,95,42.1,-0.43,0.76,40,37.5,-0.44,0.77,135,40.7,-0.43,0.76
5,252d,long,atr,0930,0940,true,57,43.9,-0.17,0.89,25,44.0,-0.00,1.00,82,43.9,-0.12,0.92
5,252d,long,atr,0930,1130,false,136,40.4,-0.55,0.70,55,43.6,-0.19,0.88,191,41.4,-0.45,0.75
5,252d,long,atr,0930,1130,true,72,44.4,-0.25,0.85,34,50.0,0.12,1.09,106,46.2,-0.13,0.92
5,252d,long,atr,pm,0940,false,95,48.4,-0.29,0.84,40,40.0,-0.39,0.80,135,45.9,-0.32,0.82
5,252d,long,atr,pm,0940,true,57,45.6,-0.40,0.79,25,44.0,-0.30,0.84,82,45.1,-0.37,0.80
5,252d,long,atr,pm,1130,false,136,44.9,-0.44,0.76,55,43.6,-0.18,0.89,191,44.5,-0.36,0.79
5,252d,long,atr,pm,1130,true,72,45.8,-0.48,0.75,34,50.0,-0.10,0.94,106,47.2,-0.36,0.81
5,252d,long,pct1,0930,0940,false,95,64.2,-0.36,0.61,40,65.0,-0.61,0.49,135,64.4,-0.43,0.57
5,252d,long,pct1,0930,0940,true,57,64.9,-0.25,0.70,25,76.0,-0.02,0.97,82,68.3,-0.18,0.78
5,252d,long,pct1,0930,1130,false,136,65.4,-0.33,0.64,55,65.5,-0.45,0.57,191,65.4,-0.36,0.62
5,252d,long,pct1,0930,1130,true,72,65.3,-0.31,0.66,34,73.5,-0.09,0.88,106,67.9,-0.24,0.72
5,252d,long,pct1,pm,0940,false,95,72.6,-0.22,0.74,40,70.0,-0.39,0.62,135,71.9,-0.27,0.70
5,252d,long,pct1,pm,0940,true,57,70.2,-0.30,0.68,25,80.0,-0.03,0.97,82,73.2,-0.22,0.75
5,252d,long,pct1,pm,1130,false,136,72.1,-0.18,0.78,55,69.1,-0.29,0.68,191,71.2,-0.21,0.75
5,252d,long,pct1,pm,1130,true,72,69.4,-0.34,0.64,34,76.5,-0.09,0.88,106,71.7,-0.26,0.71
5,252d,long,pct2,0930,0940,false,95,54.7,-0.25,0.80,40,45.0,-0.95,0.45,135,51.9,-0.45,0.67
5,252d,long,pct2,0930,0940,true,57,56.1,-0.06,0.94,25,56.0,-0.34,0.74,82,56.1,-0.15,0.87
5,252d,long,pct2,0930,1130,false,136,53.7,-0.37,0.72,55,50.9,-0.53,0.63,191,52.9,-0.42,0.69
5,252d,long,pct2,0930,1130,true,72,55.6,-0.20,0.84,34,58.8,-0.18,0.85,106,56.6,-0.19,0.84
5,252d,long,pct2,pm,0940,false,95,62.1,-0.07,0.94,40,50.0,-0.74,0.54,135,58.5,-0.27,0.79
5,252d,long,pct2,pm,0940,true,57,57.9,-0.25,0.80,25,60.0,-0.37,0.74,82,58.5,-0.29,0.78
5,252d,long,pct2,pm,1130,false,136,58.8,-0.23,0.82,55,52.7,-0.43,0.69,191,57.1,-0.29,0.78
5,252d,long,pct2,pm,1130,true,72,56.9,-0.40,0.72,34,61.8,-0.20,0.84,106,58.5,-0.34,0.75
5,252d,long,t1030,0930,0940,false,95,37.9,-0.57,0.67,40,52.5,-0.03,0.98,135,42.2,-0.41,0.74
5,252d,long,t1030,0930,0940,true,57,38.6,-0.39,0.75,25,60.0,0.68,1.68,82,45.1,-0.06,0.95
5,252d,long,t1030,0930,1130,false,136,37.5,-0.61,0.60,55,49.1,0.22,1.21,191,40.8,-0.37,0.73
5,252d,long,t1030,0930,1130,true,72,36.1,-0.45,0.69,34,52.9,0.84,1.99,106,41.5,-0.04,0.97
5,252d,long,t1030,pm,0940,false,95,40.0,-0.61,0.65,40,52.5,-0.07,0.95,135,43.7,-0.45,0.73
5,252d,long,t1030,pm,0940,true,57,40.4,-0.44,0.73,25,60.0,0.42,1.33,82,46.3,-0.18,0.88
5,252d,long,t1030,pm,1130,false,136,39.0,-0.64,0.59,55,49.1,0.19,1.18,191,41.9,-0.40,0.72
5,252d,long,t1030,pm,1130,true,72,37.5,-0.49,0.67,34,52.9,0.64,1.62,106,42.5,-0.13,0.91
5,252d,long,t1200,0930,0940,false,95,37.9,-0.49,0.72,40,37.5,-0.44,0.75,135,37.8,-0.48,0.73
5,252d,long,t1200,0930,0940,true,57,42.1,-0.23,0.86,25,44.0,0.39,1.29,82,42.7,-0.04,0.97
5,252d,long,t1200,0930,1130,false,136,39.0,-0.50,0.71,55,40.0,-0.26,0.83,191,39.3,-0.43,0.74
5,252d,long,t1200,0930,1130,true,72,44.4,-0.26,0.84,34,41.2,0.18,1.14,106,43.4,-0.12,0.92
5,252d,long,t1200,pm,0940,false,95,40.0,-0.57,0.69,40,40.0,-0.44,0.76,135,40.0,-0.53,0.71
5,252d,long,t1200,pm,0940,true,57,43.9,-0.38,0.79,25,44.0,-0.05,0.97,82,43.9,-0.28,0.84
5,252d,long,t1200,pm,1130,false,136,39.7,-0.53,0.70,55,40.0,-0.29,0.82,191,39.8,-0.46,0.73
5,252d,long,t1200,pm,1130,true,72,45.8,-0.33,0.81,34,41.2,-0.14,0.91,106,44.3,-0.27,0.84
5,252d,both,atr,0930,0940,false,122,44.3,-0.59,0.68,52,40.4,-0.26,0.86,174,43.1,-0.49,0.73
5,252d,both,atr,0930,0940,true,65,43.1,-0.31,0.82,28,46.4,0.31,1.20,93,44.1,-0.12,0.93
5,252d,both,atr,0930,1130,false,170,42.4,-0.65,0.65,77,46.8,0.10,1.06,247,43.7,-0.42,0.76
5,252d,both,atr,0930,1130,true,81,43.2,-0.36,0.79,40,52.5,0.47,1.36,121,46.3,-0.09,0.95
5,252d,both,atr,pm,0940,false,122,50.0,-0.45,0.75,52,42.3,-0.24,0.87,174,47.7,-0.38,0.79
5,252d,both,atr,pm,0940,true,65,44.6,-0.48,0.74,28,46.4,0.04,1.02,93,45.2,-0.32,0.82
5,252d,both,atr,pm,1130,false,170,47.1,-0.50,0.72,77,46.8,0.09,1.06,247,47.0,-0.32,0.81
5,252d,both,atr,pm,1130,true,81,44.4,-0.54,0.72,40,52.5,0.29,1.20,121,47.1,-0.26,0.85
5,252d,both,pct1,0930,0940,false,122,66.4,-0.32,0.65,52,65.4,-0.61,0.49,174,66.1,-0.41,0.59
5,252d,both,pct1,0930,0940,true,65,67.7,-0.19,0.77,28,78.6,0.08,1.13,93,71.0,-0.11,0.86
5,252d,both,pct1,0930,1130,false,170,67.6,-0.29,0.68,77,66.2,-0.39,0.60,247,67.2,-0.32,0.65
5,252d,both,pct1,0930,1130,true,81,67.9,-0.24,0.72,40,75.0,-0.02,0.97,121,70.2,-0.17,0.79
5,252d,both,pct1,pm,0940,false,122,73.8,-0.19,0.77,52,69.2,-0.44,0.59,174,72.4,-0.27,0.71
5,252d,both,pct1,pm,0940,true,65,72.3,-0.24,0.73,28,82.1,0.07,1.11,93,75.3,-0.14,0.83
5,252d,both,pct1,pm,1130,false,170,73.5,-0.15,0.81,77,68.8,-0.27,0.69,247,72.1,-0.19,0.77
5,252d,both,pct1,pm,1130,true,81,71.6,-0.27,0.70,40,77.5,-0.01,0.98,121,73.6,-0.19,0.78
5,252d,both,pct2,0930,0940,false,122,59.0,-0.10,0.91,52,48.1,-0.82,0.50,174,55.7,-0.32,0.76
5,252d,both,pct2,0930,0940,true,65,60.0,0.08,1.08,28,57.1,-0.26,0.79,93,59.1,-0.02,0.98
5,252d,both,pct2,0930,1130,false,170,57.1,-0.25,0.80,77,53.2,-0.39,0.71,247,55.9,-0.29,0.77
5,252d,both,pct2,0930,1130,true,81,59.3,-0.04,0.96,40,60.0,-0.08,0.93,121,59.5,-0.05,0.95
5,252d,both,pct2,pm,0940,false,122,65.6,0.07,1.06,52,51.9,-0.67,0.58,174,61.5,-0.15,0.88
5,252d,both,pct2,pm,0940,true,65,61.5,-0.08,0.93,28,60.7,-0.28,0.79,93,61.3,-0.14,0.88
5,252d,both,pct2,pm,1130,false,170,62.4,-0.08,0.93,77,54.5,-0.31,0.76,247,59.9,-0.15,0.87
5,252d,both,pct2,pm,1130,true,81,60.5,-0.22,0.83,40,62.5,-0.09,0.93,121,61.2,-0.18,0.86
5,252d,both,t1030,0930,0940,false,122,40.2,-0.59,0.64,52,55.8,0.32,1.27,174,44.8,-0.32,0.79
5,252d,both,t1030,0930,0940,true,65,41.5,-0.33,0.78,28,64.3,1.02,2.13,93,48.4,0.08,1.06
5,252d,both,t1030,0930,1130,false,170,40.6,-0.59,0.60,77,51.9,0.40,1.44,247,44.1,-0.28,0.78
5,252d,both,t1030,0930,1130,true,81,39.5,-0.38,0.72,40,55.0,1.00,2.35,121,44.6,0.08,1.07
5,252d,both,t1030,pm,0940,false,122,41.8,-0.65,0.62,52,55.8,0.29,1.24,174,46.0,-0.37,0.77
5,252d,both,t1030,pm,0940,true,65,43.1,-0.37,0.76,28,64.3,0.78,1.69,93,49.5,-0.02,0.98
5,252d,both,t1030,pm,1130,false,170,41.8,-0.62,0.58,77,51.9,0.38,1.41,247,44.9,-0.31,0.77
5,252d,both,t1030,pm,1130,true,81,40.7,-0.42,0.70,40,55.0,0.84,1.93,121,45.5,-0.00,1.00
5,252d,both,t1200,0930,0940,false,122,40.2,-0.60,0.65,52,38.5,-0.29,0.82,174,39.7,-0.51,0.70
5,252d,both,t1200,0930,0940,true,65,44.6,-0.28,0.82,28,42.9,0.38,1.31,93,44.1,-0.08,0.94
5,252d,both,t1200,0930,1130,false,170,40.0,-0.61,0.63,77,41.6,0.02,1.01,247,40.5,-0.42,0.73
5,252d,both,t1200,0930,1130,true,81,46.9,-0.30,0.81,40,42.5,0.39,1.33,121,45.5,-0.07,0.95
5,252d,both,t1200,pm,0940,false,122,42.6,-0.64,0.64,52,40.4,-0.30,0.83,174,42.0,-0.54,0.69
5,252d,both,t1200,pm,0940,true,65,46.2,-0.42,0.76,28,42.9,-0.02,0.99,93,45.2,-0.30,0.82
5,252d,both,t1200,pm,1130,false,170,41.8,-0.60,0.64,77,41.6,-0.01,1.00,247,41.7,-0.41,0.74
5,252d,both,t1200,pm,1130,true,81,48.1,-0.36,0.79,40,42.5,0.12,1.08,121,46.3,-0.20,0.87
10,20d,long,atr,0930,0940,false,71,42.3,-0.44,0.77,48,47.9,0.11,1.07,119,44.5,-0.22,0.88
10,20d,long,atr,0930,0940,true,44,47.7,0.24,1.15,36,47.2,-0.00,1.00,80,47.5,0.13,1.08
10,20d,long,atr,0930,1130,false,117,44.4,-0.25,0.86,67,53.7,0.28,1.19,184,47.8,-0.06,0.97
10,20d,long,atr,0930,1130,true,63,52.4,0.45,1.31,50,58.0,0.42,1.29,113,54.9,0.44,1.30
10,20d,long,atr,pm,0940,false,71,47.9,-0.48,0.77,48,45.8,0.14,1.09,119,47.1,-0.23,0.88
10,20d,long,atr,pm,0940,true,44,50.0,0.06,1.04,36,44.4,0.04,1.03,80,47.5,0.05,1.03
10,20d,long,atr,pm,1130,false,117,48.7,-0.26,0.87,67,50.7,0.32,1.24,184,49.5,-0.05,0.97
10,20d,long,atr,pm,1130,true,63,55.6,0.37,1.24,50,56.0,0.42,1.31,113,55.8,0.39,1.27
10,20d,long,pct1,0930,0940,false,71,63.4,-0.51,0.52,48,66.7,-0.63,0.49,119,64.7,-0.56,0.51
10,20d,long,pct1,0930,0940,true,44,68.2,-0.31,0.66,36,69.4,-0.61,0.51,80,68.8,-0.45,0.58
10,20d,long,pct1,0930,1130,false,117,69.2,-0.25,0.71,67,70.1,-0.44,0.59,184,69.6,-0.32,0.66
10,20d,long,pct1,0930,1130,true,63,74.6,-0.05,0.94,50,76.0,-0.31,0.69,113,75.2,-0.16,0.81
10,20d,long,pct1,pm,0940,false,71,70.4,-0.45,0.58,48,70.8,-0.38,0.63,119,70.6,-0.42,0.60
10,20d,long,pct1,pm,0940,true,44,72.7,-0.43,0.60,36,75.0,-0.30,0.69,80,73.8,-0.37,0.64
10,20d,long,pct1,pm,1130,false,117,74.4,-0.19,0.78,67,73.1,-0.19,0.77,184,73.9,-0.19,0.77
10,20d,long,pct1,pm,1130,true,63,77.8,-0.13,0.84,50,80.0,-0.09,0.89,113,78.8,-0.11,0.87
10,20d,long,pct2,0930,0940,false,71,54.9,-0.31,0.76,48,56.3,-0.42,0.71,119,55.5,-0.36,0.74
10,20d,long,pct2,0930,0940,true,44,59.1,-0.15,0.87,36,58.3,-0.45,0.71,80,58.8,-0.28,0.79
10,20d,long,pct2,0930,1130,false,117,56.4,-0.30,0.76,67,61.2,-0.18,0.86,184,58.2,-0.26,0.80
10,20d,long,pct2,0930,1130,true,63,61.9,-0.06,0.95,50,66.0,-0.09,0.93,113,63.7,-0.07,0.94
10,20d,long,pct2,pm,0940,false,71,60.6,-0.30,0.78,48,56.3,-0.24,0.81,119,58.8,-0.27,0.79
10,20d,long,pct2,pm,0940,true,44,61.4,-0.36,0.75,36,58.3,-0.19,0.85,80,60.0,-0.28,0.79
10,20d,long,pct2,pm,1130,false,117,60.7,-0.25,0.81,67,59.7,-0.04,0.96,184,60.3,-0.17,0.86
10,20d,long,pct2,pm,1130,true,63,65.1,-0.14,0.89,50,66.0,0.07,1.06,113,65.5,-0.05,0.96
10,20d,long,t1030,0930,0940,false,71,39.4,-0.65,0.64,48,45.8,-0.48,0.67,119,42.0,-0.58,0.65
10,20d,long,t1030,0930,0940,true,44,43.2,-0.10,0.93,36,44.4,-0.56,0.63,80,43.8,-0.31,0.80
10,20d,long,t1030,0930,1130,false,117,41.9,-0.61,0.58,67,44.8,-0.13,0.90,184,42.9,-0.44,0.69
10,20d,long,t1030,0930,1130,true,63,42.9,-0.26,0.81,50,46.0,0.01,1.01,113,44.2,-0.14,0.90
10,20d,long,t1030,pm,0940,false,71,40.8,-0.68,0.63,48,43.8,-0.47,0.67,119,42.0,-0.60,0.64
10,20d,long,t1030,pm,0940,true,44,45.5,-0.17,0.89,36,41.7,-0.57,0.63,80,43.8,-0.35,0.78
10,20d,long,t1030,pm,1130,false,117,42.7,-0.62,0.58,67,43.3,-0.12,0.91,184,42.9,-0.44,0.69
10,20d,long,t1030,pm,1130,true,63,44.4,-0.28,0.80,50,44.0,0.01,1.01,113,44.2,-0.15,0.89
10,20d,long,t1200,0930,0940,false,71,38.0,-0.47,0.73,48,41.7,-0.42,0.75,119,39.5,-0.45,0.74
10,20d,long,t1200,0930,0940,true,44,43.2,-0.02,0.99,36,41.7,-0.74,0.58,80,42.5,-0.34,0.79
10,20d,long,t1200,0930,1130,false,117,41.0,-0.34,0.79,67,44.8,-0.33,0.79,184,42.4,-0.34,0.79
10,20d,long,t1200,0930,1130,true,63,49.2,0.04,1.03,50,46.0,-0.46,0.72,113,47.8,-0.18,0.89
10,20d,long,t1200,pm,0940,false,71,39.4,-0.67,0.66,48,39.6,-0.65,0.65,119,39.5,-0.66,0.66
10,20d,long,t1200,pm,0940,true,44,45.5,-0.19,0.89,36,38.9,-1.07,0.49,80,42.5,-0.58,0.69
10,20d,long,t1200,pm,1130,false,117,41.0,-0.44,0.74,67,41.8,-0.48,0.71,184,41.3,-0.45,0.73
10,20d,long,t1200,pm,1130,true,63,50.8,-0.03,0.98,50,44.0,-0.70,0.62,113,47.8,-0.33,0.81
10,20d,both,atr,0930,0940,false,114,46.5,-0.21,0.88,79,49.4,0.50,1.33,193,47.7,0.08,1.05
10,20d,both,atr,0930,0940,true,57,47.4,-0.04,0.98,50,48.0,0.29,1.17,107,47.7,0.11,1.07
10,20d,both,atr,0930,1130,false,189,45.5,-0.28,0.84,125,54.4,0.55,1.41,314,49.0,0.05,1.03
10,20d,both,atr,0930,1130,true,84,50.0,0.10,1.07,74,56.8,0.47,1.32,158,53.2,0.27,1.18
10,20d,both,atr,pm,0940,false,114,50.0,-0.29,0.85,79,49.4,0.53,1.36,193,49.7,0.05,1.03
10,20d,both,atr,pm,0940,true,57,49.1,-0.17,0.91,50,48.0,0.49,1.34,107,48.6,0.14,1.09
10,20d,both,atr,pm,1130,false,189,49.2,-0.27,0.85,125,53.6,0.57,1.44,314,51.0,0.06,1.04
10,20d,both,atr,pm,1130,true,84,53.6,0.16,1.10,74,56.8,0.59,1.44,158,55.1,0.36,1.25
10,20d,both,pct1,0930,0940,false,114,69.3,-0.27,0.69,79,73.4,-0.29,0.69,193,71.0,-0.28,0.69
10,20d,both,pct1,0930,0940,true,57,70.2,-0.32,0.67,50,74.0,-0.33,0.67,107,72.0,-0.32,0.67
10,20d,both,pct1,0930,1130,false,189,72.0,-0.14,0.82,125,75.2,-0.10,0.87,314,73.2,-0.13,0.84
10,20d,both,pct1,0930,1130,true,84,75.0,-0.12,0.85,74,79.7,-0.05,0.93,158,77.2,-0.09,0.89
10,20d,both,pct1,pm,0940,false,114,73.7,-0.21,0.76,79,77.2,-0.11,0.86,193,75.1,-0.17,0.80
10,20d,both,pct1,pm,0940,true,57,73.7,-0.39,0.63,50,80.0,-0.04,0.95,107,76.6,-0.22,0.76
10,20d,both,pct1,pm,1130,false,189,75.7,-0.05,0.93,125,77.6,0.03,1.05,314,76.4,-0.02,0.97
10,20d,both,pct1,pm,1130,true,84,78.6,-0.09,0.89,74,83.8,0.14,1.24,158,81.0,0.02,1.03
10,20d,both,pct2,0930,0940,false,114,58.8,-0.10,0.91,79,63.3,-0.00,1.00,193,60.6,-0.06,0.95
10,20d,both,pct2,0930,0940,true,57,57.9,-0.20,0.84,50,64.0,-0.05,0.96,107,60.7,-0.13,0.89
10,20d,both,pct2,0930,1130,false,189,57.7,-0.19,0.84,125,64.8,0.14,1.13,314,60.5,-0.06,0.95
10,20d,both,pct2,0930,1130,true,84,59.5,-0.16,0.87,74,68.9,0.14,1.12,158,63.9,-0.02,0.98
10,20d,both,pct2,pm,0940,false,114,62.3,-0.12,0.90,79,64.6,0.15,1.14,193,63.2,-0.01,0.99
10,20d,both,pct2,pm,0940,true,57,59.6,-0.36,0.75,50,66.0,0.21,1.21,107,62.6,-0.09,0.93
10,20d,both,pct2,pm,1130,false,189,61.4,-0.14,0.89,125,64.8,0.23,1.24,314,62.7,0.01,1.01
10,20d,both,pct2,pm,1130,true,84,63.1,-0.13,0.90,74,70.3,0.31,1.31,158,66.5,0.08,1.07
10,20d,both,t1030,0930,0940,false,114,43.0,-0.23,0.84,79,51.9,0.19,1.14,193,46.6,-0.05,0.96
10,20d,both,t1030,0930,0940,true,57,42.1,-0.17,0.88,50,52.0,0.23,1.17,107,46.7,0.02,1.01
10,20d,both,t1030,0930,1130,false,189,42.9,-0.35,0.72,125,50.4,0.30,1.29,314,45.9,-0.09,0.92
10,20d,both,t1030,0930,1130,true,84,40.5,-0.34,0.74,74,51.4,0.47,1.44,158,45.6,0.04,1.03
10,20d,both,t1030,pm,0940,false,114,43.9,-0.31,0.80,79,51.9,0.24,1.18,193,47.2,-0.08,0.94
10,20d,both,t1030,pm,0940,true,57,43.9,-0.24,0.84,50,52.0,0.30,1.23,107,47.7,0.01,1.01
10,20d,both,t1030,pm,1130,false,189,43.4,-0.39,0.70,125,50.4,0.33,1.32,314,46.2,-0.10,0.91
10,20d,both,t1030,pm,1130,true,84,41.7,-0.36,0.73,74,51.4,0.52,1.50,158,46.2,0.05,1.04
10,20d,both,t1200,0930,0940,false,114,42.1,-0.12,0.92,79,45.6,0.14,1.09,193,43.5,-0.01,0.99
10,20d,both,t1200,0930,0940,true,57,43.9,-0.12,0.92,50,42.0,-0.33,0.80,107,43.0,-0.22,0.86
10,20d,both,t1200,0930,1130,false,189,41.8,-0.23,0.84,125,48.8,0.21,1.16,314,44.6,-0.06,0.96
10,20d,both,t1200,0930,1130,true,84,45.2,-0.20,0.87,74,45.9,-0.14,0.90,158,45.6,-0.17,0.88
10,20d,both,t1200,pm,0940,false,114,43.0,-0.36,0.79,79,45.6,-0.02,0.99,193,44.0,-0.22,0.87
10,20d,both,t1200,pm,0940,true,57,45.6,-0.36,0.79,50,42.0,-0.48,0.73,107,43.9,-0.42,0.76
10,20d,both,t1200,pm,1130,false,189,42.9,-0.33,0.79,125,48.0,0.12,1.09,314,44.9,-0.15,0.90
10,20d,both,t1200,pm,1130,true,84,47.6,-0.22,0.86,74,45.9,-0.25,0.84,158,46.8,-0.23,0.85
10,252d,long,atr,0930,0940,false,43,41.9,-0.32,0.80,15,26.7,-0.75,0.62,58,37.9,-0.43,0.75
10,252d,long,atr,0930,0940,true,25,52.0,0.75,1.67,7,28.6,-0.70,0.65,32,46.9,0.44,1.33
10,252d,long,atr,0930,1130,false,64,42.2,-0.30,0.82,24,41.7,-0.08,0.95,88,42.0,-0.24,0.85
10,252d,long,atr,0930,1130,true,31,54.8,0.91,1.77,12,58.3,0.53,1.46,43,55.8,0.81,1.69
10,252d,long,atr,pm,0940,false,43,51.2,-0.15,0.90,15,26.7,-0.60,0.67,58,44.8,-0.27,0.84
10,252d,long,atr,pm,0940,true,25,56.0,0.67,1.55,7,28.6,-0.31,0.80,32,50.0,0.46,1.35
10,252d,long,atr,pm,1130,false,64,46.9,-0.26,0.85,24,37.5,-0.05,0.96,88,44.3,-0.20,0.87
10,252d,long,atr,pm,1130,true,31,58.1,0.70,1.50,12,58.3,0.76,1.82,43,58.1,0.72,1.56
10,252d,long,pct1,0930,0940,false,43,62.8,-0.38,0.59,15,46.7,-1.21,0.26,58,58.6,-0.59,0.46
10,252d,long,pct1,0930,0940,true,25,68.0,-0.17,0.78,7,57.1,-0.94,0.35,32,65.6,-0.34,0.64
10,252d,long,pct1,0930,1130,false,64,68.8,-0.10,0.86,24,58.3,-0.56,0.49,88,65.9,-0.23,0.72
10,252d,long,pct1,0930,1130,true,31,74.2,0.04,1.06,12,75.0,-0.17,0.80,43,74.4,-0.02,0.97
10,252d,long,pct1,pm,0940,false,43,74.4,-0.09,0.88,15,53.3,-0.60,0.45,58,69.0,-0.22,0.73
10,252d,long,pct1,pm,0940,true,25,76.0,0.01,1.02,7,71.4,0.29,1.80,32,75.0,0.07,1.12
10,252d,long,pct1,pm,1130,false,64,76.6,0.11,1.19,24,62.5,-0.17,0.77,88,72.7,0.03,1.05
10,252d,long,pct1,pm,1130,true,31,80.6,0.18,1.34,12,83.3,0.54,3.61,43,81.4,0.28,1.63
10,252d,long,pct2,0930,0940,false,43,53.5,-0.23,0.80,15,33.3,-1.14,0.36,58,48.3,-0.46,0.65
10,252d,long,pct2,0930,0940,true,25,60.0,0.00,1.00,7,42.9,-0.74,0.52,32,56.3,-0.16,0.86
10,252d,long,pct2,0930,1130,false,64,53.1,-0.31,0.73,24,50.0,-0.22,0.81,88,52.3,-0.29,0.76
10,252d,long,pct2,0930,1130,true,31,61.3,-0.03,0.97,12,66.7,0.36,1.40,43,62.8,0.08,1.07
10,252d,long,pct2,pm,0940,false,43,62.8,-0.08,0.93,15,40.0,-0.53,0.59,58,56.9,-0.19,0.83
10,252d,long,pct2,pm,0940,true,25,64.0,-0.08,0.93,7,57.1,0.63,2.37,32,62.5,0.08,1.08
10,252d,long,pct2,pm,1130,false,64,57.8,-0.28,0.77,24,50.0,0.07,1.07,88,55.7,-0.19,0.83
10,252d,long,pct2,pm,1130,true,31,64.5,-0.24,0.82,12,75.0,1.16,5.34,43,67.4,0.15,1.14
10,252d,long,t1030,0930,0940,false,43,37.2,-0.54,0.64,15,46.7,-0.71,0.57,58,39.7,-0.58,0.62
10,252d,long,t1030,0930,0940,true,25,44.0,0.12,1.09,7,57.1,-0.09,0.94,32,46.9,0.07,1.06
10,252d,long,t1030,0930,1130,false,64,39.1,-0.57,0.57,24,41.7,0.00,1.00,88,39.8,-0.42,0.68
10,252d,long,t1030,0930,1130,true,31,45.2,0.14,1.13,12,50.0,0.95,1.90,43,46.5,0.37,1.34
10,252d,long,t1030,pm,0940,false,43,39.5,-0.63,0.60,15,46.7,-0.59,0.61,58,41.4,-0.62,0.61
10,252d,long,t1030,pm,0940,true,25,48.0,0.13,1.10,7,57.1,0.04,1.03,32,50.0,0.11,1.08
10,252d,long,t1030,pm,1130,false,64,40.6,-0.64,0.54,24,41.7,0.07,1.06,88,40.9,-0.45,0.66
10,252d,long,t1030,pm,1130,true,31,48.4,0.14,1.13,12,50.0,1.03,2.05,43,48.8,0.39,1.37
10,252d,long,t1200,0930,0940,false,43,34.9,-0.38,0.74,15,26.7,-1.14,0.38,58,32.8,-0.58,0.63
10,252d,long,t1200,0930,0940,true,25,44.0,0.30,1.24,7,28.6,-0.80,0.53,32,40.6,0.06,1.05
10,252d,long,t1200,0930,1130,false,64,39.1,-0.27,0.81,24,37.5,-0.58,0.59,88,38.6,-0.36,0.75
10,252d,long,t1200,0930,1130,true,31,51.6,0.59,1.45,12,41.7,-0.25,0.83,43,48.8,0.35,1.27
10,252d,long,t1200,pm,0940,false,43,37.2,-0.48,0.70,15,26.7,-1.25,0.36,58,34.5,-0.68,0.59
10,252d,long,t1200,pm,0940,true,25,48.0,0.28,1.22,7,28.6,-1.13,0.44,32,43.8,-0.03,0.98
10,252d,long,t1200,pm,1130,false,64,39.1,-0.35,0.77,24,33.3,-0.71,0.53,88,37.5,-0.45,0.70
10,252d,long,t1200,pm,1130,true,31,54.8,0.57,1.43,12,41.7,-0.44,0.73,43,51.2,0.29,1.21
10,252d,both,atr,0930,0940,false,54,46.3,-0.46,0.74,24,37.5,-0.25,0.86,78,43.6,-0.40,0.77
10,252d,both,atr,0930,0940,true,27,51.9,0.57,1.45,9,33.3,-0.06,0.97,36,47.2,0.41,1.29
10,252d,both,atr,0930,1130,false,80,45.0,-0.44,0.75,41,46.3,0.25,1.19,121,45.5,-0.21,0.87
10,252d,both,atr,0930,1130,true,33,54.5,0.75,1.58,16,56.3,0.72,1.63,49,55.1,0.74,1.59
10,252d,both,atr,pm,0940,false,54,53.7,-0.36,0.80,24,37.5,-0.19,0.89,78,48.7,-0.31,0.83
10,252d,both,atr,pm,0940,true,27,55.6,0.49,1.36,9,33.3,0.24,1.16,36,50.0,0.43,1.31
10,252d,both,atr,pm,1130,false,80,50.0,-0.38,0.79,41,43.9,0.26,1.21,121,47.9,-0.16,0.90
10,252d,both,atr,pm,1130,true,33,57.6,0.55,1.36,16,56.3,0.91,1.95,49,57.1,0.67,1.50
10,252d,both,pct1,0930,0940,false,54,68.5,-0.17,0.78,24,54.2,-1.01,0.33,78,64.1,-0.43,0.57
10,252d,both,pct1,0930,0940,true,27,70.4,-0.09,0.88,9,66.7,-0.53,0.53,36,69.4,-0.20,0.76
10,252d,both,pct1,0930,1130,false,80,72.5,-0.00,1.00,41,61.0,-0.47,0.54,121,68.6,-0.16,0.79
10,252d,both,pct1,0930,1130,true,33,75.8,0.09,1.15,16,75.0,-0.10,0.88,49,75.5,0.03,1.05
10,252d,both,pct1,pm,0940,false,54,77.8,0.07,1.11,24,58.3,-0.65,0.45,78,71.8,-0.15,0.80
10,252d,both,pct1,pm,0940,true,27,77.8,0.08,1.12,9,77.8,0.42,2.53,36,77.8,0.16,1.30
10,252d,both,pct1,pm,1130,false,80,78.8,0.18,1.34,41,63.4,-0.26,0.69,121,73.6,0.03,1.05
10,252d,both,pct1,pm,1130,true,33,81.8,0.23,1.44,16,81.3,0.46,2.68,49,81.6,0.30,1.70
10,252d,both,pct2,0930,0940,false,54,61.1,0.10,1.11,24,41.7,-0.95,0.44,78,55.1,-0.22,0.81
10,252d,both,pct2,0930,0940,true,27,63.0,0.14,1.15,9,44.4,-0.64,0.57,36,58.3,-0.05,0.95
10,252d,both,pct2,0930,1130,false,80,57.5,-0.15,0.86,41,51.2,-0.23,0.80,121,55.4,-0.18,0.84
10,252d,both,pct2,0930,1130,true,33,63.6,0.09,1.08,16,62.5,0.22,1.22,49,63.3,0.13,1.13
10,252d,both,pct2,pm,0940,false,54,68.5,0.23,1.26,24,45.8,-0.60,0.58,78,61.5,-0.02,0.98
10,252d,both,pct2,pm,0940,true,27,66.7,0.07,1.07,9,55.6,0.42,1.67,36,63.9,0.16,1.17
10,252d,both,pct2,pm,1130,false,80,62.5,-0.05,0.95,41,51.2,-0.08,0.92,121,58.7,-0.06,0.94
10,252d,both,pct2,pm,1130,true,33,66.7,-0.11,0.91,16,68.8,0.83,2.76,49,67.3,0.20,1.20
10,252d,both,t1030,0930,0940,false,54,42.6,-0.46,0.68,24,54.2,0.06,1.04,78,46.2,-0.30,0.79
10,252d,both,t1030,0930,0940,true,27,44.4,0.10,1.09,9,66.7,1.12,2.00,36,50.0,0.36,1.30
10,252d,both,t1030,0930,1130,false,80,43.8,-0.47,0.63,41,51.2,0.33,1.33,121,46.3,-0.20,0.83
10,252d,both,t1030,0930,1130,true,33,45.5,0.13,1.12,16,56.3,1.43,2.74,49,49.0,0.55,1.57
10,252d,both,t1030,pm,0940,false,54,44.4,-0.56,0.63,24,54.2,0.13,1.09,78,47.4,-0.35,0.76
10,252d,both,t1030,pm,0940,true,27,48.1,0.11,1.09,9,66.7,1.23,2.21,36,52.8,0.39,1.34
10,252d,both,t1030,pm,1130,false,80,45.0,-0.52,0.61,41,51.2,0.37,1.38,121,47.1,-0.22,0.82
10,252d,both,t1030,pm,1130,true,33,48.5,0.13,1.13,16,56.3,1.49,2.96,49,51.0,0.57,1.61
10,252d,both,t1200,0930,0940,false,54,40.7,-0.37,0.74,24,33.3,-0.45,0.72,78,38.5,-0.40,0.74
10,252d,both,t1200,0930,0940,true,27,48.1,0.30,1.26,9,33.3,-0.42,0.70,36,44.4,0.12,1.10
10,252d,both,t1200,0930,1130,false,80,40.0,-0.40,0.73,41,41.5,-0.01,0.99,121,40.5,-0.27,0.81
10,252d,both,t1200,0930,1130,true,33,54.5,0.57,1.47,16,43.8,0.06,1.05,49,51.0,0.40,1.33
10,252d,both,t1200,pm,0940,false,54,42.6,-0.44,0.71,24,33.3,-0.56,0.68,78,39.7,-0.48,0.70
10,252d,both,t1200,pm,0940,true,27,51.9,0.28,1.23,9,33.3,-0.68,0.59,36,47.2,0.04,1.03
10,252d,both,t1200,pm,1130,false,80,41.3,-0.41,0.72,41,39.0,-0.11,0.91,121,40.5,-0.31,0.78
10,252d,both,t1200,pm,1130,true,33,57.6,0.55,1.44,16,43.8,-0.08,0.94,49,53.1,0.34,1.27
